"Organização";"Nome";"Descrição";"Tags";"Quantidade Recursos";"Quantidade Reusos";"Quantidade Downloads"
"ANS - Agência Nacional de Saúde Suplementar";"(Descontinuado) Abrangência Geográfica de Cobertura dos Planos de Saúde";"Lista os municípios que fazem parte da cobertura oferecida por plano de saúde de assistência médico-hospitalar, por operadora e por macrorregião.

Nota sobre a descontinuidade do conjunto: A coluna ""ID_GEO_COBERTURA  do conjunto ""características dos produtos da Saúde Suplementar"" corresponde à chave primária ""ID_DETALHE_AREA_GEOGRAFICA"" da tabela auxiliar ""Detalhamento de municípios"" ( disponível no conjunto ""características dos produtos da Saúde Suplementar"" que lista os municípios correspondentes à área de cobertura específica de cada plano.";"ANS,cobertura,operadora,plano de saúde";"2";"0";"3602"
"ANS - Agência Nacional de Saúde Suplementar";"(Descontinuado) Fator de Qualidade - Hospitais-Dia 100%";"Hospitais-Dia aptos a receberem 100% do Fator de Qualidade da ANS em 2017.";"FQ,Fator de Qualidade,IPCA,Prestadores,contrato,índice de Reajuste";"2";"0";"603"
"ANS - Agência Nacional de Saúde Suplementar";"(Descontinuado) Fator de Qualidade - Hospitais-Dia 105%";"Hospitais-Dia aptos a receberem 105% do Fator de Qualidade da ANS em 2017.";"FQ,Fator de Qualidade,IPCA,Prestadores,contrato,índice de Reajuste";"2";"0";"246"
"ANS - Agência Nacional de Saúde Suplementar";"(Descontinuado) Fator de Qualidade - Profissionais 105%";"Fator que deve ser aplicado ao índice de reajuste estabelecido pela Agência Nacional de Saúde Suplementar (ANS), qual seja, o Índice de Preços ao Consumidor Amplo (IPCA), aplicável aos contratos entre os prestadores de serviços e as operadoras de planos de saúde, quando há previsão de livre negociação entre as partes como única forma de reajuste e não há acordo, após a negociação, nos primeiros noventa dias do ano.";"Contratação,FQ,Fator de Qualidade,IPCA,Prestadores,Índice de Reajuste";"2";"0";"181"
"ANS - Agência Nacional de Saúde Suplementar";"(Descontinuado) Fator de Qualidade - SADT 100%";"Serviços de Apoio, Diagnóstico e Terapia (SADT) aptos a receberem 100% do Fator de Qualidade da ANS em 2017.";"FQ,Fator de Qualidade,IPCA,Prestadores,contrato,índice de Reajuste";"2";"0";"120"
"ANS - Agência Nacional de Saúde Suplementar";"(Descontinuado) Fator de Qualidade - SADT 105%";"Serviços de Apoio, Diagnóstico e Terapia (SADT) aptos a receberem 105% do Fator de Qualidade da ANS em 2017.
";"FQ,Fator de Qualidade,IPCA,Prestadores,contrato,índice de Reajuste";"2";"0";"82"
"ANS - Agência Nacional de Saúde Suplementar";"(Descontinuado) Fator de qualidade - Hospitais 100%";"Fator que deve ser aplicado ao índice de reajuste estabelecido pela Agência Nacional de Saúde Suplementar (ANS), qual seja, o Índice de Preços ao Consumidor Amplo (IPCA), aplicável aos contratos entre os prestadores de serviços e as operadoras de planos de saúde, quando há previsão de livre negociação entre as partes como única forma de reajuste e não há acordo, após a negociação, nos primeiros noventa dias do ano.";"Contratação,FQ,Fator de Qualidade,IPCA,Prestadores,Índice de Reajuste";"2";"0";"190"
"ANS - Agência Nacional de Saúde Suplementar";"(Descontinuado) Fator de qualidade - Hospitais 105%";"Fator que deve ser aplicado ao índice de reajuste estabelecido pela Agência Nacional de Saúde Suplementar (ANS), qual seja, o Índice de Preços ao Consumidor Amplo (IPCA), aplicável aos contratos entre os prestadores de serviços e as operadoras de planos de saúde, quando há previsão de livre negociação entre as partes como única forma de reajuste e não há acordo, após a negociação, nos primeiros noventa dias do ano.


";"ANS,Fator de Qualidade";"2";"0";"148"
"ANS - Agência Nacional de Saúde Suplementar";"(Descontinuado) Fator de qualidade - Profissionais 100%";"Fator que deve ser aplicado ao índice de reajuste estabelecido pela Agência Nacional de Saúde Suplementar (ANS), qual seja, o Índice de Preços ao Consumidor Amplo (IPCA), aplicável aos contratos entre os prestadores de serviços e as operadoras de planos de saúde, quando há previsão de livre negociação entre as partes como única forma de reajuste e não há acordo, após a negociação, nos primeiros noventa dias do ano.
";"Contratação,FQ,Fator de Qualidade,IPCA,Prestadores,Índice de Reajuste";"2";"0";"107"
"ANS - Agência Nacional de Saúde Suplementar";"(Descontinuado) Glossário da Saúde Suplementar";"Glossário dos vocábulos da saúde suplementar.
";"ANS,Dicionário,Glossário,Glossário da Saúde Suplementar,Saúde Suplementar";"2";"0";"395"
"ANS - Agência Nacional de Saúde Suplementar";"(Descontinuado) Percentual de Finalização Assistencial (PFA)";"O PFA considera o total de reclamações de natureza assistencial solucionadas por meio da Notificação de Intermediação Preliminar (NIP). ( versão vigente até 2022)";"ANS,Agência Nacional de Saúde Suplementar,Avaliações de operadoras,Percentual de Finalização Assistencial,Planos de saúde,Saúde Suplementar,Índice de Reclamações";"5";"0";"0"
"ANS - Agência Nacional de Saúde Suplementar";"(Descontinuado) Programa de Qualificação Institucional";"O Programa de Qualificação Institucional (PQI) busca medir o desempenho da ANS a partir de um conjunto de indicadores que compõem o Índice de Desempenho Institucional (IDI). O conjunto de dados em questão apresenta o histórico de resultados dos indicadores que compuseram o IDI desde 2008.";"ANS,PQI,Programa de Qualificação Institucional,Qualificação Institucional,Saúde Suplementar";"2";"0";"90"
"ANS - Agência Nacional de Saúde Suplementar";"(Descontinuado) Índice Geral de Reclamações - IGR";"O IGR têm como base os dados de beneficiários e reclamações recebidos pela ANS e permitem comparar a atuação das empresas que atuam no setor de Saúde Suplementar. Versão vigente até 2022.";"ANS,Agência Nacional de Saúde Suplementar,IGR,avaliações de operadoras,planos de saúde,saúde suplementar,índice de reclamações,índice geral de reclamações";"7";"0";"1650"
"ANS - Agência Nacional de Saúde Suplementar";"(Descontinuado) Índice de Abertura de Processo Administrativo (IAP)";"O IAP é um índice que considera o volume de reclamações com indício de infração que foram encaminhadas para os Núcleos da ANS. (conjunto de dados Vigente até 2022)";"ANS,Agência Nacional de Saúde Suplementar,Avaliação de operadoras,IAP,IGR,Índice de Reclamações,Índice de abertura de processo administrativo";"5";"0";"538"
"ANS - Agência Nacional de Saúde Suplementar";"Beneficiários por operadora e tipo de carteira para cálculo da VDA";"Série histórica mensal  de vínculos ativos de beneficiários consolidados por operadora e tipo de plano para o cálculo da variação das despesas assistenciais (VDA) por carteira.
 
O objetivo deste conjunto de dados é facilitar a reprodução do cálculo da Variação das Despesas Assistenciais por beneficiário – principal componente do Índice de Reajuste de Planos Individuais (IRPI) – em conformidade com os princípios de transparência que fundamentam a RN nº 441/2018, que estabelece critérios para cálculo do reajuste máximo das contraprestações dos planos individuais ou familiares, médico-hospitalares.
 
Esse conjunto de dados é atualizado trimestralmente, permitindo, assim, o acompanhamento da evolução da VDA nesses intervalos. Já a base de beneficiários congelada que foi utilizada no cálculo da VDA como componente do IRPI está disponível em pasta específica para esse fim, de forma a possibilitar a reprodução exata do cálculo oficial. Os filtros e critérios de tratamento dos dados especificamente aplicados no cálculo da VDA oficial a cada ano estão detalhados em nota técnica e em formato de notebook na linguagem R. Os documentos estão disponíveis no site da ANS através do link https://www.gov.br/ans/pt-br/assuntos/consumidor/reajuste-variacao-de-mensalidade/reajuste-anual-de-planos-individuais-familiares-1/metodologia-de-calculo";"ANS,IRPI,VDA,beneficiários";"2";"0";"2072"
"ANS - Agência Nacional de Saúde Suplementar";"Caderno de Informação";"Trata-se de conjunto de dados da Agência Nacional de Saúde Suplementar (ANS), o qual disponibiliza uma compilação de dados estruturantes do setor constantes na publicação Caderno, com informações relevantes sobre o setor regulado.";"ANS,caderno de informação";"4";"0";"1072"
"ANS - Agência Nacional de Saúde Suplementar";"Características dos Produtos da Saúde Suplementar";"Este conjunto de dados relaciona todos os planos de saúde registrados ou cadastrados junto à ANS, e suas principais características: operadora, nome do plano, vigência anterior ou posterior à Lei 9.656, cobertura médico-hospitalar ou exclusivamente odontológica, tipo de contratação, segmentação assistencial, formação de preço pré ou pós-estabelecido, presença de coparticipação ou franquia, entre outras.";"ANS,Lei 9.656,RPS,operadora,plano de saúde";"5";"0";"11291"
"ANS - Agência Nacional de Saúde Suplementar";"Classificação Prudencial das Operadoras de Planos de saúde";"Dados da classificação Prudencial em vigor das operadoras de planos de saúde, conforme Resolução Normativa (RN) nº 475, de 23 de dezembro de 2021. A classificação é o passo inicial para a aplicação proporcional da regulação prudencial, que busca ajustar com maior precisão requisitos ou medidas à magnitude do risco das reguladas, graduando obrigações e custos regulatórios conforme diferentes perfis de riscos das operadoras sempre que possível.";"ANS,classificação prudencial,operadoras";"3";"0";"484"
"ANS - Agência Nacional de Saúde Suplementar";"Dados de Beneficiários por Região Geográfica";"Trata-se de conjunto de dados disponibilizado pela Agência Nacional de Saúde Suplementar (ANS) que apresenta a quantidade de beneficiários de planos de saúde por Unidade Federativa, Região Metropolitana e capital.";"ANS,Região Geográfica,beneficiários";"2";"0";"2420"
"ANS - Agência Nacional de Saúde Suplementar";"Dados de Beneficiários por operadora";"Trata-se de conjunto de dados disponibilizado pela Agência Nacional de Saúde Suplementar (ANS) que apresenta vínculos ativos e inativos dos beneficiários de planos de saúde ofertados pelas operadoras.";"ANS,SIB,beneficiário,operadora,plano de saúde";"2";"0";"7945"
"ANS - Agência Nacional de Saúde Suplementar";"Dados de Produção Assistencial do Setor do Sistema de Informações de Produtos - SIP";"Conjunto de dados de produção de serviços de saúde prestados pelas operadoras de planos privados de assistência à saúde, oriundos do Sistema de Informações de Produtos - SIP, por trimestre de reconhecimento.";"ANS,Mapa assistencial,SIP,operadoras,planos de saúde";"2";"0";"2288"
"ANS - Agência Nacional de Saúde Suplementar";"Dados de cobrança e arrecadação do Ressarcimento ao SUS";"Dados relacionados à cobrança e ao pagamento de valores pelas operadoras de planos de saúde junto ao ressarcimento ao SUS, incluindo todas as operadoras que já tenham sido cobradas na história do ressarcimento.";"ANS,Ressarcimento ao SUS,operadoras,planos de saúde";"2";"0";"783"
"ANS - Agência Nacional de Saúde Suplementar";"Dados de pagamento do Ressarcimento ao SUS por operadora";"Dados relativos ao  pagamento administrativo das dívidas das operadoras de planos de saúde junto ao ressarcimento ao SUS, incluindo todas as operadoras que já tenham sido cobradas na história do ressarcimento. Não compõem este índice os débitos suspensos judicialmente (considerados pendências administrativas).";"ANS,ressarcimento ao sus";"2";"0";"3683"
"ANS - Agência Nacional de Saúde Suplementar";"Dados do Ressarcimento ao SUS por Beneficiário Identificado e ABI";"Ocorrências de utilização do Sistema Único de Saúde (SUS) por beneficiários de operadoras privadas de planos de saúde (beneficiários identificados - número e valores, por operadora, por ABI, sem identificação do beneficiário).";"ANS,Ressarcimeno ao SUS,beneficiários,plano de saúde";"2";"0";"1606"
"ANS - Agência Nacional de Saúde Suplementar";"Dados do Ressarcimento ao SUS por Operadora de Planos de Saúde";"Dados sobre pagamento, recursividade e instâncias de julgamento, por operadora de planos privados de saúde (operadoras com beneficiários identificados - números e valores).

Formatação dos arquivos de dados:
Arquivo de extensão CSV, separador ponto e vírgula, codificação UTF-8, vírgula como delimitador de decimais, data no formato ISO 8601 ( AAA-MM-DD). 
Orientação para abertura dos arquivos: https://dados.gov.br/pagina/faq-dataset#dq4
";"Ressarcimento ao SUS,beneficiários,operadoras de planos de saúde";"2";"0";"2154"
"ANS - Agência Nacional de Saúde Suplementar";"Demandas dos consumidores NIP";"Tratam-se de dados abertos de reclamações dos consumidores que entraram no fluxo da Notificação de Intermediação Preliminar (NIP) da Agência Nacional de Saúde Suplementar. Os dados são a partir de  01/01/2011.";"ANS,NIP,demandas de consumidores,reclamações de beneficiários";"2";"0";"2443"
"ANS - Agência Nacional de Saúde Suplementar";"Demandas dos consumidores – Reclamações de Beneficiários";"Trata-se de conjunto de dados gerais das demandas de beneficiários de planos de saúde, em consonância com a normatização e regulação da Saúde Suplementar pela Agência Nacional de Saúde Suplementar (ANS).";"ANS,consumidores,demandas de consumidores,operadoras de plano de saúde,plano de saúde,reclamações de beneficiários";"2";"0";"1011"
"ANS - Agência Nacional de Saúde Suplementar";"Demonstrações Contábeis";"Dados Contábeis encaminhados à Agência Nacional de Saúde Suplementar (ANS) trimestralmente pelas operadoras através do Documento de Informações Periódicas das Operadoras de Planos de Assistência à Saúde – DIOPS/ANS.";"DIOPS,Demonstrações Contábeis,Plano de Contas";"2";"0";"6136"
"ANS - Agência Nacional de Saúde Suplementar";"Demonstrações Contábeis - Quadros Auxiliares sobre Corresponsabilidade Cedida e Corresponsabilidade Assumida em 2018";"Dados Contábeis encaminhados em quadro auxiliar das demonstrações contábeis do quarto trimestre de 2019 através do Documento de Informações Periódicas das Operadoras de Planos de Assistência à Saúde – DIOPS/ANS referente a detalhamento dos saldos de corresponsabilidade cedida e assumida em 2018. ";"Demonstrações Contábeis,VDA,quadros auxiliares,sinistralidade";"2";"0";"522"
"ANS - Agência Nacional de Saúde Suplementar";"Descontinuado - Agenda de Autoridades da ANS";"Conjunto contendo dados para dar cumprimento à Lei de Conflito de Interesses e à Resolução CEP nº 11, de 11 de dezembro de 2017, no que se refere ao dever legal de divulgação diária na internet das agendas de compromissos públicos das altas autoridades na Agência Nacional de Saúde Suplementar - ANS (cargos acima de DAS-5).

A atualização do conjunto “Agenda de autoridades da ANS” foi descontinuada pois o histórico da agenda de autoridades passou  a ser disponibilizado pelo e-Agendas nos termos do Decreto nº 10.889, de 9 de dezembro de 2021, e estão disponíveis em: https://dados.gov.br/dados/conjuntos-dados/agenda-publica-de-autoridades-do-poder-executivo-federal.";"ANS,Agenda de autoridades";"2";"0";"281"
"ANS - Agência Nacional de Saúde Suplementar";"Faixas de preço para fins de portabilidade de carências e migração";"Faixas de preço para a compatibilização de planos no Guia ANS de Planos de Saúde para a realização da portabilidade de carências e migração calculadas por tipo de contratação e faixa etária, de acordo com os valores comerciais informados nas Notas Técnicas de Registro de Produto-NTRP de todos os planos ativos.";"ANS,NTRP,guia de planos,plano de saúde,preços";"2";"0";"380"
"ANS - Agência Nacional de Saúde Suplementar";"Histórico de Planos de Saúde";"Dados do histórico de registro ou cadastro e das subsequentes alterações de situação de planos de saúde (ativações, suspensões, cancelamentos e transferências), em consonância com a normatização e regulação do setor de Saúde Suplementar pela ANS.";"ANS,histórico,operadora,plano de saúde";"2";"0";"1338"
"ANS - Agência Nacional de Saúde Suplementar";"Histórico do IDSS";"Operadoras de planos de saúde avaliadas pelo Programa de Qualificação de Operadoras – PQO, conforme RN nº 505/2022. O PQO avalia, anualmente, o desempenho das operadoras, por meio de indicadores, distribuídos em quatro dimensões: Qualidade em Saúde – IDQS; Garantia de Acesso – IDGA; Sustentabilidade do Mercado – IDSM; e Gestão da Regulação – IDGR. O resultado das quatro dimensões gera o Índice de Desempenho da Saúde Suplementar (IDSS), um índice que varia de zero a um (0 a 1), sendo 1 o melhor desempenho.
Para mais informações sobre o PQO consulte o portal da ANS em: Planos e Operadoras / Informações e Avaliações de Operadoras / Programa de Qualificação de Operadoras.
Link: https://www.gov.br/ans/pt-br/assuntos/informacoes-e-avaliacoes-de-operadoras/qualificacao-ans

As fichas técnicas dos indicadores estão disponíveis na página do PQO, por ano-base, em: 
Planos e Operadoras / Informações e Avaliações de Operadoras / Programa de Qualificação de Operadoras / Conheça mais dados do Programa de Qualificação de Operadoras
Link: https://www.gov.br/ans/pt-br/acesso-a-informacao/perfil-do-setor/dados-e-indicadores-do-setor/dados-do-programa-de-qualificacao-de-operadoras";"ANS,Histórico IDSS,IDSS,PQO";"2";"0";"1567"
"ANS - Agência Nacional de Saúde Suplementar";"Informações consolidadas de Beneficiários";"Informações consolidadas de beneficiários por competência.

Observação: as operadoras podem enviar dados que afetam informações das competências passadas. A cada divulgação atualizamos os dados dos últimos 5 (cinco) anos. Portanto, os dados atualizados de competências já publicadas podem estar diferentes do divulgado anteriormente.";"ANS,SIB,beneficiário,operadora,plano de saúde";"2";"0";"7852"
"ANS - Agência Nacional de Saúde Suplementar";"Operadoras Acreditadas";"Lista das operadoras de planos de saúde que, voluntariamente, passaram por processo de avaliação da adequação e eficiência dos serviços disponibilizados, as quais foram acreditadas nos Níveis I, II ou III, conforme critérios do Programa de Acreditação de Operadoras, definidos pela Resolução Normativa - RN nº 277/20, pela Resolução Normativa - RN nº 452/2020 ou pela Resolução Normativa - RN nº 507/2022.";"ANS,acreditação,operadora";"2";"0";"597"
"ANS - Agência Nacional de Saúde Suplementar";"Operadoras de planos de saúde Ativas";"Trata-se de conjunto de dados com relação de operadoras com registro ativo na ANS (autorizadas a vender planos de saúde no Brasil), elaborada a partir de informações fornecidas pelas próprias empresas.";"ANS,operadoras,registro";"5";"0";"21496"
"ANS - Agência Nacional de Saúde Suplementar";"Operadoras de planos de saúde Canceladas";"Trata-se de conjunto de dados com a relação das operadoras de planos de saúde com registro cancelado na Agência Nacional de Saúde Suplementar (ANS), elaborada a partir de informações fornecidas pelas próprias empresas.";"ANS,operadoras,planos de saúde,registro";"5";"0";"1890"
"ANS - Agência Nacional de Saúde Suplementar";"Operadoras e prestadores não-hospitalares";"Relação dos prestadores de serviços assistenciais cadastrados por operadora junto à ANS, exceto prestadores de serviços de assistência hospitalar. Inclui informações cadastrais dos prestadores (e.g. nome, CNPJ, CNES, município de localização), assim como informações sobre o tipo de contrato estabelecido entre a operadora e o prestador (e.g. rede própria / rede contratualizada, disponibilidade total / parcial etc.), a data de início e, se for o caso, a data final do contrato entre o prestador e a operadora.";"ANS,contratos,operadoras,planos de saúde,prestadores de serviços";"2";"0";"2337"
"ANS - Agência Nacional de Saúde Suplementar";"PEONA SUS";"O conjunto é formado por dois dados. O primeiro é a porcentagem a ser utilizada para apuração da PEONA SUS pelas operadoras que não tiverem metodologia atuarial própria para cálculo da provisão. Conforme estabelecido no anexo VIII da RN 574, de 2023, essa porcentagem é o menor valor entre o Fator Individual de PEONA SUS e o Fator Limite. O segundo é o valor total das notificações de ressarcimento ao SUS nos últimos 24 meses cujos prazos de impugnação terminaram e que não foram impugnadas pela operadora, as indeferidas pela ANS em primeira instância e não recorridas, os não providos em segunda instância (em outras palavras, os indeferidos em segunda instância e ainda não cobrados) e os cobrados com Guia de Recolhimento da União (GRU).";"ANS,PEONA SUS,Ressarcimento ao SUS,operadoras";"2";"0";"14277"
"ANS - Agência Nacional de Saúde Suplementar";"Painel de Precificação";"Série histórica mensal dos últimos 5 anos do Valor Comercial da Mensalidade e dados relacionados aos componentes do valor comercial nos planos de saúde regulamentados pela ANS e com formação de preço pré-estabelecida. Esses dados são utilizados na elaboração do Painel de Precificação publicado no site da ANS em https://www.gov.br/ans/pt-br/acesso-a-informacao/perfil-do-setor/dados-e-indicadores-do-setor, sob o item “Painéis Dinâmicos”.
 
Os valores estão em preços correntes nominais e, portanto, não são deflacionados ao longo do período.
 
O Valor Comercial de um plano pode apresentar diferenças em relação aos preços de comercialização praticados nas tabelas de venda utilizadas pelas operadoras. Os preços efetivamente praticados para a contratação dos produtos devem estar dentro dos limites de comercialização estabelecidos em normativo, quais sejam:
Limite máximo: 30% acima do Valor Comercial;
Limite mínimo: o maior valor entre o valor da despesa assistencial estimada e o limiar de 30% abaixo do Valor Comercial;
 
Este conjunto de dados disponibiliza informações por plano, por Nota Técnica vigente e por faixa etária para cada mês dos últimos 5 anos.
 
O Painel de Precificação também disponibiliza o valor comercial por município para os planos em comercialização ao fim do mês de dezembro de cada ano. As informações por município podem ser encontradas no conjunto de dados “Valor Comercial por Município (NTRP)” publicado no Portal de Dados Abertos da ANS. Link: https://dados.gov.br/dados/conjuntos-dados/valor-comercial-por-municipio-ntrp";"ANS,NTRP,planos de saúde,valor comercial";"2";"0";"2742"
"ANS - Agência Nacional de Saúde Suplementar";"Painel de indicadores de Glosa";"Trata-se de dados sobre faturamento e aplicação de glosas (valores pagos/glosados e prazos de pagamento) que têm o objetivo de promover a transparência das informações relativas às relações entre prestadores e operadoras no Setor Suplementar de Saúde. Estão disponíveis cinco indicadores que têm como fonte os dados recebidos por meio do Padrão TISS (Padrão de Troca de Informações da Saúde Suplementar).";"ANS,Prestadores de saúde,Saúde Suplementar,glosas,operadoras de planos de saúde";"3";"0";"713"
"ANS - Agência Nacional de Saúde Suplementar";"Penalidades aplicadas a operadoras";"---------- EM MANUTENÇÃO ----------
Dados processuais e financeiros das penalidades aplicadas a operadoras de planos privados de assistência à saúde e a administradoras de benefícios por infrações administrativas às normas regulamentares da Saúde Suplementar.";"ANS,operadoras,penalidades";"2";"0";"1016"
"ANS - Agência Nacional de Saúde Suplementar";"Percentuais de Reajuste de Agrupamento";"Este conjunto de dados apresenta a série histórica dos percentuais de reajuste aplicados aos contratos coletivos agrupados (obrigatoriamente aqueles com menos de 30 beneficiários) de cada operadora de plano de saúde, conforme informações fornecidas na Pesquisa Anual de Agrupamento de Contratos. Para mais informações: https://www.gov.br/ans/pt-br/assuntos/consumidor/reajuste-variacao-de-mensalidade/reajuste-anual-de-planos-coletivos.";"ANS,contratos,operadoras,planos de saúde";"3";"0";"215"
"ANS - Agência Nacional de Saúde Suplementar";"Percentual histórico de cobrança (%hc) do ressarcimento ao SUS";"O percentual histórico de cobrança (%hc) é calculado, conforme a IN º 5, da DIOPE e da DIDES, de 2011, com base no histórico individual das operadoras. O total dos valores cobrados é dividido pelo total dos valores notificados, com base nos ABIs emitidos até 120 dias anteriores ao mês da contabilização.";"ANS,Ressarcimento ao SUS,SUS,operadoras";"2";"0";"4191"
"ANS - Agência Nacional de Saúde Suplementar";"Plano Anual de Atividades da Auditoria Interna (PAINT)";"O Plano Anual de Atividades de Auditoria Interna (PAINT) é o instrumento onde estão consolidadas as ações de auditoria previstas para serem realizadas no exercício seguinte, bem como a estimativa da força de trabalho e de horas necessárias para sua consecução.
Os objetos passíveis de avaliação pela Unidade de Auditoria Interna (AUDIT) são identificados para serem auditados a partir do conjunto de processos de trabalho da Agência Nacional de Saúde Suplementar (ANS), os quais são selecionados para serem auditados por meio de critérios de risco, por obrigação normativa ou por solicitação da alta administração.
O PAINT é elaborado, principalmente, em aderência aos seguintes normativos: i) Decreto nº 3.591/2000; ii) Instrução Normativa CGU nº 3/2017; iii) Instrução Normativa CGU nº 8/2017; iv) Instrução Normativa CGU nº 5/2021; v) e Normas Internacionais para a Prática Profissional de Auditoria Interna (IPPF), do The Institute of Internal Auditors (IIA Global).";"ANS,PAINT,auditoria interna";"2";"0";"193"
"ANS - Agência Nacional de Saúde Suplementar";"Prestadores Acreditados";"Apresenta os Prestadores de serviços de saúde acreditados de acordo com os critérios do Programa de Qualificação de Prestadores de Serviço na Saúde Suplementar (QUALISS).
As informações sobre prestadores acreditados são fornecidas pelas Entidades Acreditadoras de Serviços de Saúde, que são pessoas jurídicas que têm reconhecimento de competência ou de metodologia de acreditação emitidos pelo INMETRO ou pela ISQua para executar programas de acreditação de prestadores de serviços de saúde. As Entidades Acreditadoras emitem o Certificado de Acreditação aos Prestadores de Serviços de Saúde e atualizam as informações para divulgação no Portal da ANS.
Certificado de Acreditação é um documento emitido por Entidade Acreditadora de Serviços de Saúde, com prazo de validade, reconhecendo formalmente que um prestador de serviços de saúde atende a requisitos associados ao aprimoramento da gestão e a melhoria na qualidade da atenção à saúde.";"ANS,Prestadores,Qualiss";"2";"0";"662"
"ANS - Agência Nacional de Saúde Suplementar";"Procedimentos Ambulatoriais por UF";"Trata-se de um conjunto de dados abertos contendo a lista de procedimentos realizados em ambiente ambulatorial pelos estabelecimentos que prestam serviço às operadoras de planos de saúde, por UF e mês e ano de competência.";"ANS,TISS,operadoras,planos de saúde,procedimentos ambulatoriais";"3";"0";"4505"
"ANS - Agência Nacional de Saúde Suplementar";"Procedimentos Hospitalares por UF";"Trata-se de um conjunto de dados abertos contendo uma Lista de procedimentos realizados em ambiente hospitalar pelos estabelecimentos que prestam serviço às operadoras de planos de saúde, por UF e mês e ano de competência.";"ANS,TISS,operadoras,planos de saúde,procedimentos hospitalares";"3";"0";"6805"
"ANS - Agência Nacional de Saúde Suplementar";"Produtos e Prestadores Hospitalares";"Trata-se de conjunto de dados abertos que contém informações sobre a Rede de atendimento hospitalar ou urgência/emergência por plano de saúde: Listagem da rede de atendimento hospitalar ou urgência/emergência por plano de saúde e operadora.";"ANS,operadoras,planos de saúde,rede de atendimento";"2";"0";"5001"
"ANS - Agência Nacional de Saúde Suplementar";"Promoprev";"Trata-se de conjunto de dados abertos que contém informações sobre as operadoras de planos de saúde que desenvolvem, de forma voluntária, programas de promoção da saúde e prevenção de riscos e doenças aprovados pela ANS (PROMOPREV).";"ANS,PROMOPREV,operadoras,planos de saúde";"2";"0";"333"
"ANS - Agência Nacional de Saúde Suplementar";"Reajuste de Planos coletivos";"Dados de comunicados de reajuste financeiro anual por variação de custos das contraprestações pecuniárias de planos coletivos com modalidade de financiamento pré-estabelecido por contrato e plano de cada operadora.
 
O Banco de dados dos comunicados de reajuste dos contratos coletivos (RPC) é alimentado pelas operadoras mediante a aplicação dos reajustes de seus contratos e dentro dos prazos determinados conforme a norma em vigor. A IN/DIPRO nº 13, de 21 de julho de 2006, trata dos procedimentos de comunicação dos reajustes de planos coletivos à ANS e determina os seguintes prazos para envio destes comunicados:
 
(1) Reajustes aplicados em março, abril e maio: até o dia 30 de junho subsequente;
(2) Reajustes aplicados em junho, julho e agosto: até o dia 30 de setembro subsequente;
(3) Reajustes aplicados em setembro, outubro e novembro: até o dia 31 de dezembro subsequente; e
(4) Reajustes aplicados em dezembro, janeiro e fevereiro: até o dia 31 de março subsequente.";"ANS,RPC,operadoras,planos de saúde,reajustes";"2";"0";"3249"
"ANS - Agência Nacional de Saúde Suplementar";"Regimes Especiais de Direção Técnica";"Trata-se de um conjunto de dados contendo a relação das operadoras de planos de saúde nas quais foi instaurado o regime especial de Direção Técnica pela ANS. 
O regime especial de Direção Técnica foi estabelecido pela Lei 9.656/1998. Na ANS, foi competência regimental da DIOPE até 2011, quando passou a ser da competência regimental da DIPRO. O conjunto de dados contém a relação de todos os regimes especiais instaurados e as respectivas Resoluções Operacionais publicadas.";"ANS,direção técnica,operadoras,planos de saúde";"2";"0";"608"
"ANS - Agência Nacional de Saúde Suplementar";"Serviços e Coberturas Adicionais dos Planos de Saúde";"Serviços e coberturas adicionais dos Planos de Saúde são serviços ou coberturas de assistência à saúde que não estão previstos na Lei nº 9.656/1998 ou que não estão inclusos no Rol de Procedimentos e Eventos em Saúde da ANS.

Os Serviços e Coberturas Adicionais estão descritos no item 13 do Anexo II da RN nº 85/2004.

Podem ser oferecidos pelas operadoras de planos de saúde de duas maneiras: registrado junto ao plano, como uma cobertura adicional, no Sistema de Registro de Plano de Saúde-RPS da ANS; ou comercializado de forma apartada, não constante do registro do produto na ANS, nos termos contratuais estabelecidos entre o contratante e a operadora.

Quando houver comercialização de Serviços e Coberturas Adicionais, além da obrigatória explicitação nos instrumentos contratuais dos planos ou em aditivos, os cálculos para esses opcionais deverão constar em anexos específicos da NTRP. Na hipótese dessa contratação ocorrer em separado do plano, será dispensada essa informação na NTRP.

É vedada às operadoras de planos de saúde a oferta de Serviços e Coberturas Adicionais que não apresentem características relacionadas à assistência à saúde.";"ANS,NTRP,RPS,planos de saúde";"2";"0";"751"
"ANS - Agência Nacional de Saúde Suplementar";"Solicitações de Alteração de Rede Hospitalar";"Dados de solicitações de substituição ou redimensionamento por redução de rede hospitalar, por operadora e plano, indicando o resultado da análise de solicitação (deferido/indeferido). Os dados são extraídos da base de dados do Sistema de Alteração de Rede Hospitalar.";"ANS,operadoras,planos de saúde,rede hospitalar";"2";"0";"477"
"ANS - Agência Nacional de Saúde Suplementar";"Taxa de Cobertura de Planos de Saúde";"Trata-se da razão expressa, em porcentagem, entre o número de beneficiários e a população em uma área geográfica específica, com base em dados do Sistema de Informações de Beneficiários (SIB/ANS) / IBGE/DATASUS.";"ANS,SIB,beneficiários,operadoras,planos de saúde,taxa de cobertura";"3";"0";"2213"
"ANS - Agência Nacional de Saúde Suplementar";"Taxa de Resolutividade (TR)";"A Taxa de Resolutividade (TR) é uma métrica calculada pela ANS com base nas reclamações registradas por consumidores e que foram processadas via Notificação de Intermediação Preliminar (NIP), que é considerado um método extrajudicial de resolução de conflitos. A TR mede a capacidade de resolução das demandas objeto de NIP, sem a necessidade de abertura de processo administrativo. Assim sendo, um percentual elevado de finalização de demandas no âmbito da NIP indica que a Operadora tem maior capacidade de equacionar o indício de infração narrado pelo consumidor.";"ANS,NIP,operadoras,planos de saúde,taxa de resolutividade";"3";"0";"1434"
"ANS - Agência Nacional de Saúde Suplementar";"Terminologia Unificada da Saúde Suplementar (TUSS)";"O componente de representação de conceitos em saúde estabelece o conjunto de termos para identificar os eventos e itens assistenciais da saúde suplementar, consolidados na Terminologia Unificada da Saúde Suplementar - TUSS.";"ANS,TISS,TUSS";"2";"0";"14170"
"ANS - Agência Nacional de Saúde Suplementar";"Valor Comercial da Mensalidade por Faixa Etária";"O conjunto de dados abertos ""Valor Comercial da Mensalidade por faixa etária"" se refere aos dados informados nas Notas Técnicas homologadas junto à ANS em conformidade com o Anexo II-B, da IN/DIPRO Nº 8, de 27 de dezembro de 2002.";"ANS,NTRP,planos de saúde,valores comerciais";"2";"0";"2494"
"ANS - Agência Nacional de Saúde Suplementar";"Valor Comercial por Município (NTRP)";"Série histórica dos Valores Comerciais por plano e por município para novas contratações dos planos de saúde disponíveis para comercialização.
Os Valores Comerciais de referência para precificação de planos de saúde são informados na Nota Técnica, que é o documento que justifica a formação inicial dos preços de planos de saúde por meio de cálculos atuariais, correspondentes ao Valor Comercial da Mensalidade (Coluna T do Anexo II-B da IN nº 08/2002 da DIPRO). 
Os valores estão em preços correntes nominais e, portanto, não são deflacionados ao longo do período. 
O Valor Comercial de um plano pode apresentar diferenças em relação aos preços de comercialização praticados nas tabelas de venda utilizadas pelas operadoras. Os preços efetivamente praticados para a contratação dos produtos devem estar dentro dos limites de comercialização estabelecidos em normativo, quais sejam:
Limite máximo: 30% acima do Valor Comercial;
Limite mínimo: o maior valor entre o valor da despesa assistencial estimada e o limiar de 30% abaixo do Valor Comercial. 
Os dados estão disponíveis por plano, faixa etária e município de comercialização e referem-se aos planos que estavam disponíveis para comercialização e com notas técnicas vigentes ao final de dezembro de cada ano desde 2014. Essa data de corte considera a entrada em vigor da RN nº 304/2012, que tornou obrigatória a homologação de notas técnicas para a comercialização de todos os planos coletivos de cobertura médico-hospitalar com formação de preço pré-estabelecida. Até então, grande parte dos planos coletivos eram isentos de envio de nota técnica para sua comercialização, o que provocou um grande aumento de homologações de notas técnicas nesses tipos de planos ao longo do ano de 2013. Dessa forma, análises da série histórica do Valor Comercial Médio agregado com dados anteriores a janeiro de 2014 poderiam incluir distorções expressivas e estão excluídas do escopo deste conjunto de dados.";"ANS,NTRP,planos de saúde,valores comerciais";"2";"0";"1896"
"ANS - Agência Nacional de Saúde Suplementar";"Área de comercialização dos planos de saúde";"Lista os municípios de comercialização dos planos de saúde conforme definidos em Nota Técnica de Registro do Produto (NTRP). Apenas planos posteriores à Lei 9.656/1998, de cobertura médico-hospitalar e com formação de preço preestabelecida (mensalidade fixa) têm área de comercialização definida por Nota Técnica. Operadoras podem atualizar as Notas Técnicas de um plano a qualquer momento, inclusive alterando sua área de comercialização. 
Este conjunto de dados informa os municípios de comercialização listados em todas as notas técnicas homologadas ao longo da existência do produto e a data de entrada em vigor de cada nota técnica. A área de comercialização de um plano pode ser menor ou igual à área em que o plano oferece cobertura assistencial. Nos casos de planos antigos ou de cobertura exclusivamente odontológica ou com formação de preço pós-estabelecida, os municípios de comercialização são os mesmos municípios em que o plano oferece cobertura.";"ANS,NTRP,planos de saúde,área de comercialização";"2";"0";"2104"
"ANS - Agência Nacional de Saúde Suplementar";"Índice Geral de Reclamações - IGR  (Metodologia a partir de 2023)";"O IGR é uma métrica calculada pela ANS com base nas reclamações registradas por consumidores processadas via Notificação de Intermediação Preliminar (NIP). Ele apresenta uma relação inversamente proporcional à satisfação dos beneficiários, onde pode-se dizer que quanto menor for o valor do IGR, maior é a satisfação dos beneficiários com a(s) Operadora(s).";"ANS,IGR,operadoras,planos de saúde";"3";"0";"3237"
